# Partition table for oh-ez-touch, on a 4 MiB ESP32.
#
# Carried over verbatim from PlatformIO's min_spiffs.csv, which used to be
# supplied from inside the framework-arduinoespressif32 package. Two ~1.9 MB app
# slots are what make the OTA update in tools/batchupdate.py possible; `spiffs`
# holds data/config.json.
#
# Name,   Type, SubType, Offset,  Size,     Flags
nvs,      data, nvs,     0x9000,  0x5000,
otadata,  data, ota,     0xe000,  0x2000,
app0,     app,  ota_0,   0x10000, 0x1E0000,
app1,     app,  ota_1,   0x1F0000,0x1E0000,
spiffs,   data, spiffs,  0x3D0000,0x20000,
coredump, data, coredump,0x3F0000,0x10000,
